username,pixelsColored,class
Aaa2,39,TG01
Aaaaa,48,TG01
Adesif,13,1G01
Aglagli,41,TG04
Aleks,26,TG07
Alix,462,Autres
Arracheur2chat,25,1G08
Axel,120,2GT09
B00B,251,1G01
Brabra,25,TG01
Bread,28,Autres
Capucine,143,TG04
Coco,411,TG02
Da,429,1G09
Dionne,9,TG07
EEEE,31,TG01
Enzo,10,2GT05
Enzoo,12,TG02
Eve2013,65,TG01
Ewangrm,115,1G02
F2,40,2GT02
F2ENSCRED,96,2GT02
F2SCRED,35,2GT02
F2TOUJOURSSCRED,30,2GT02
Guste,119,1G02
H3isenberg,342,1G09
JOJO,109,TG02
Julian,123,TG02
Kyky,262,1G01
LDH,5,1G02
LE_STO,15,TG01
LargeMale,15,1G07
Larry,518,Autres
Lasalopeduquart,44,TG08
Lawtek,15,1G04
Lebron,150,1G08
Lolo,105,1G09
Lorena,191,TG08
LouisPouillot,12,TG03
Lysandre,5,TG04
MJ,135,1G09
MYMY,10,1G01
Margauxxx,15,1G03
Marie,44,TG06
Marin,140,2GT06
MjFoireux,34,TG07
Mobutu,95,1G09
Niels,5,2GT06
Nique,195,TG01
Nonchalantking,175,1G09
NordelineDu77,5,1G07
OOOO,22,TG01
Orange,120,TG01
POKEFORCE,60,TG05
Paslapokeball,45,TG05
Paul,5,TG02
Pomme,952,TG05
Poutine,10,TG01
Regulus,111,1G04
Rems,125,2GT03
Romain,300,1G04
Shaaaanaaaaaa,15,TG05
Sherlock,35,2GT01
Sinjory,265,1G09
Tataff,330,TG02
Thibaut,30,1G01
Tom,29,TG03
Username,35,1G04
Zaza,45,1G08
a_v,85,1G08
aito,51,1G08
allah,10,TG03
ankylosaure,45,TG01
anna_if,19,1G01
axelle,14,TG02
batbat,5,2GT03
benladen,15,TG06
bob1,289,1G01
bob2,188,TG06
bob361,15,1G04
bob47,143,2GT06
bob587,155,TG05
bob66,174,1G07
bob94,55,1G01
caca,25,1G07
elias,15,TG02
ellllllprimo,65,TG06
emil,5,2GT08
emilio,14,2GT08
eros,1,TG01
gaby,5,TG01
gege,10,TG01
h_tu_connais,85,TG01
jena,10,TG01
keskonsmare,74,1G01
keziah,3,TG04
lancelot,21,TG04
lancelotb,131,TG04
leo,15,1G04
lorene,72,TG06
loulou,86,TG08
ly,9,1G02
magnusferrarius,41,1G01
mama,230,Autres
matheo1G03,45,TG01
merlin,22,TG04
nonchalantshyt,431,1G09
oui,45,Autres
pablodu93,45,TG01
paulo,10,TG02
poloch,50,TG08
raasclaat,65,TG01
s,5,TG01
tim,628,TG02
